"game_id","season","week","game_date","game_time_eastern","home_team_abbr","visitor_team_abbr","play_id","play_description","quarter","game_clock","down","yards_to_go","possession_team","defensive_team","yardline_side","yardline_number","pre_snap_home_score","pre_snap_visitor_score","play_nullified_by_penalty","pass_result","pass_length","offense_formation","receiver_alignment","route_of_targeted_receiver","play_action","dropback_type","dropback_distance","pass_location_type","defenders_in_the_box","team_coverage_man_zone","team_coverage_type","penalty_yards","pre_penalty_yards_gained","yards_gained","expected_points","expected_points_added","pre_snap_home_team_win_probability","pre_snap_visitor_team_win_probability","home_team_win_probability_added","visitor_team_win_probility_added","player_to_predict","nfl_id","frame_id","play_direction","absolute_yardline_number","player_name","player_height","player_weight","player_birth_date","player_position","player_side","player_role","x","y","s","a","dir","o","num_frames_output","ball_land_x","ball_land_y"
2023090700,2023,1,"09/07/2023","20:20:00","KC","DET",1711,"(:45) (No Huddle, Shotgun) P.Mahomes pass deep left to Ju.Watson pushed ob at DET 4 for 26 yards (C.Gardner-Johnson).",2,"00:45",1,10,"KC","DET","DET",30,7,7,"N","C",23,"SHOTGUN","3x1","CORNER",FALSE,"TRADITIONAL",5.3600001335144,"INSIDE_BOX",5,"ZONE_COVERAGE","COVER_2_ZONE",NA,26,26,3.45235198986484,2.34294713230338,0.663186952471733,0.336813047528267,0.0418428108096123,-0.0418428108096123,TRUE,44888,3,"right",80,"Alex Anzalone","6-3",240,1994-09-22,"OLB","Defense","Defensive Coverage",85.61,29.52,0.43,1.06,93.47,296.35,19,100.569999694824,50
2023090700,2023,1,"09/07/2023","20:20:00","KC","DET",1711,"(:45) (No Huddle, Shotgun) P.Mahomes pass deep left to Ju.Watson pushed ob at DET 4 for 26 yards (C.Gardner-Johnson).",2,"00:45",1,10,"KC","DET","DET",30,7,7,"N","C",23,"SHOTGUN","3x1","CORNER",FALSE,"TRADITIONAL",5.3600001335144,"INSIDE_BOX",5,"ZONE_COVERAGE","COVER_2_ZONE",NA,26,26,3.45235198986484,2.34294713230338,0.663186952471733,0.336813047528267,0.0418428108096123,-0.0418428108096123,TRUE,44888,6,"right",80,"Alex Anzalone","6-3",240,1994-09-22,"OLB","Defense","Defensive Coverage",85.81,29.51,0.87,1.08,95.3,313.07,19,100.569999694824,50
2023090700,2023,1,"09/07/2023","20:20:00","KC","DET",1711,"(:45) (No Huddle, Shotgun) P.Mahomes pass deep left to Ju.Watson pushed ob at DET 4 for 26 yards (C.Gardner-Johnson).",2,"00:45",1,10,"KC","DET","DET",30,7,7,"N","C",23,"SHOTGUN","3x1","CORNER",FALSE,"TRADITIONAL",5.3600001335144,"INSIDE_BOX",5,"ZONE_COVERAGE","COVER_2_ZONE",NA,26,26,3.45235198986484,2.34294713230338,0.663186952471733,0.336813047528267,0.0418428108096123,-0.0418428108096123,TRUE,44888,9,"right",80,"Alex Anzalone","6-3",240,1994-09-22,"OLB","Defense","Defensive Coverage",86.26,29.51,1.82,2.05,88.39,331.92,19,100.569999694824,50
2023090700,2023,1,"09/07/2023","20:20:00","KC","DET",1711,"(:45) (No Huddle, Shotgun) P.Mahomes pass deep left to Ju.Watson pushed ob at DET 4 for 26 yards (C.Gardner-Johnson).",2,"00:45",1,10,"KC","DET","DET",30,7,7,"N","C",23,"SHOTGUN","3x1","CORNER",FALSE,"TRADITIONAL",5.3600001335144,"INSIDE_BOX",5,"ZONE_COVERAGE","COVER_2_ZONE",NA,26,26,3.45235198986484,2.34294713230338,0.663186952471733,0.336813047528267,0.0418428108096123,-0.0418428108096123,TRUE,44888,12,"right",80,"Alex Anzalone","6-3",240,1994-09-22,"OLB","Defense","Defensive Coverage",86.97,29.55,2.77,2.27,85.81,350.63,19,100.569999694824,50
2023090700,2023,1,"09/07/2023","20:20:00","KC","DET",1711,"(:45) (No Huddle, Shotgun) P.Mahomes pass deep left to Ju.Watson pushed ob at DET 4 for 26 yards (C.Gardner-Johnson).",2,"00:45",1,10,"KC","DET","DET",30,7,7,"N","C",23,"SHOTGUN","3x1","CORNER",FALSE,"TRADITIONAL",5.3600001335144,"INSIDE_BOX",5,"ZONE_COVERAGE","COVER_2_ZONE",NA,26,26,3.45235198986484,2.34294713230338,0.663186952471733,0.336813047528267,0.0418428108096123,-0.0418428108096123,TRUE,44888,15,"right",80,"Alex Anzalone","6-3",240,1994-09-22,"OLB","Defense","Defensive Coverage",87.96,29.61,3.67,1.86,86.6,12.75,19,100.569999694824,50
2023090700,2023,1,"09/07/2023","20:20:00","KC","DET",1711,"(:45) (No Huddle, Shotgun) P.Mahomes pass deep left to Ju.Watson pushed ob at DET 4 for 26 yards (C.Gardner-Johnson).",2,"00:45",1,10,"KC","DET","DET",30,7,7,"N","C",23,"SHOTGUN","3x1","CORNER",FALSE,"TRADITIONAL",5.3600001335144,"INSIDE_BOX",5,"ZONE_COVERAGE","COVER_2_ZONE",NA,26,26,3.45235198986484,2.34294713230338,0.663186952471733,0.336813047528267,0.0418428108096123,-0.0418428108096123,TRUE,44888,18,"right",80,"Alex Anzalone","6-3",240,1994-09-22,"OLB","Defense","Defensive Coverage",89.21,29.66,4.49,1.61,88.53,23.08,19,100.569999694824,50
2023090700,2023,1,"09/07/2023","20:20:00","KC","DET",1711,"(:45) (No Huddle, Shotgun) P.Mahomes pass deep left to Ju.Watson pushed ob at DET 4 for 26 yards (C.Gardner-Johnson).",2,"00:45",1,10,"KC","DET","DET",30,7,7,"N","C",23,"SHOTGUN","3x1","CORNER",FALSE,"TRADITIONAL",5.3600001335144,"INSIDE_BOX",5,"ZONE_COVERAGE","COVER_2_ZONE",NA,26,26,3.45235198986484,2.34294713230338,0.663186952471733,0.336813047528267,0.0418428108096123,-0.0418428108096123,TRUE,44888,21,"right",80,"Alex Anzalone","6-3",240,1994-09-22,"OLB","Defense","Defensive Coverage",90.64,29.65,4.97,1.02,91.53,28.25,19,100.569999694824,50
2023090700,2023,1,"09/07/2023","20:20:00","KC","DET",1711,"(:45) (No Huddle, Shotgun) P.Mahomes pass deep left to Ju.Watson pushed ob at DET 4 for 26 yards (C.Gardner-Johnson).",2,"00:45",1,10,"KC","DET","DET",30,7,7,"N","C",23,"SHOTGUN","3x1","CORNER",FALSE,"TRADITIONAL",5.3600001335144,"INSIDE_BOX",5,"ZONE_COVERAGE","COVER_2_ZONE",NA,26,26,3.45235198986484,2.34294713230338,0.663186952471733,0.336813047528267,0.0418428108096123,-0.0418428108096123,TRUE,44888,24,"right",80,"Alex Anzalone","6-3",240,1994-09-22,"OLB","Defense","Defensive Coverage",92.14,29.55,4.93,1.38,96.54,31.75,19,100.569999694824,50
2023090700,2023,1,"09/07/2023","20:20:00","KC","DET",1711,"(:45) (No Huddle, Shotgun) P.Mahomes pass deep left to Ju.Watson pushed ob at DET 4 for 26 yards (C.Gardner-Johnson).",2,"00:45",1,10,"KC","DET","DET",30,7,7,"N","C",23,"SHOTGUN","3x1","CORNER",FALSE,"TRADITIONAL",5.3600001335144,"INSIDE_BOX",5,"ZONE_COVERAGE","COVER_2_ZONE",NA,26,26,3.45235198986484,2.34294713230338,0.663186952471733,0.336813047528267,0.0418428108096123,-0.0418428108096123,TRUE,55910,1,"right",80,"Brian Branch","6-0",193,2001-10-22,"SS","Defense","Defensive Coverage",84.59,39.13,0.64,1.16,25.54,261.68,19,100.569999694824,50
2023090700,2023,1,"09/07/2023","20:20:00","KC","DET",1711,"(:45) (No Huddle, Shotgun) P.Mahomes pass deep left to Ju.Watson pushed ob at DET 4 for 26 yards (C.Gardner-Johnson).",2,"00:45",1,10,"KC","DET","DET",30,7,7,"N","C",23,"SHOTGUN","3x1","CORNER",FALSE,"TRADITIONAL",5.3600001335144,"INSIDE_BOX",5,"ZONE_COVERAGE","COVER_2_ZONE",NA,26,26,3.45235198986484,2.34294713230338,0.663186952471733,0.336813047528267,0.0418428108096123,-0.0418428108096123,TRUE,55910,4,"right",80,"Brian Branch","6-0",193,2001-10-22,"SS","Defense","Defensive Coverage",84.71,39.25,0.6,0.97,60.85,253.07,19,100.569999694824,50
2023090700,2023,1,"09/07/2023","20:20:00","KC","DET",1711,"(:45) (No Huddle, Shotgun) P.Mahomes pass deep left to Ju.Watson pushed ob at DET 4 for 26 yards (C.Gardner-Johnson).",2,"00:45",1,10,"KC","DET","DET",30,7,7,"N","C",23,"SHOTGUN","3x1","CORNER",FALSE,"TRADITIONAL",5.3600001335144,"INSIDE_BOX",5,"ZONE_COVERAGE","COVER_2_ZONE",NA,26,26,3.45235198986484,2.34294713230338,0.663186952471733,0.336813047528267,0.0418428108096123,-0.0418428108096123,TRUE,55910,7,"right",80,"Brian Branch","6-0",193,2001-10-22,"SS","Defense","Defensive Coverage",84.92,39.26,0.95,1.57,99.5,244.17,19,100.569999694824,50
2023090700,2023,1,"09/07/2023","20:20:00","KC","DET",1711,"(:45) (No Huddle, Shotgun) P.Mahomes pass deep left to Ju.Watson pushed ob at DET 4 for 26 yards (C.Gardner-Johnson).",2,"00:45",1,10,"KC","DET","DET",30,7,7,"N","C",23,"SHOTGUN","3x1","CORNER",FALSE,"TRADITIONAL",5.3600001335144,"INSIDE_BOX",5,"ZONE_COVERAGE","COVER_2_ZONE",NA,26,26,3.45235198986484,2.34294713230338,0.663186952471733,0.336813047528267,0.0418428108096123,-0.0418428108096123,TRUE,55910,10,"right",80,"Brian Branch","6-0",193,2001-10-22,"SS","Defense","Defensive Coverage",85.34,39.12,1.85,2.21,111.5,234.7,19,100.569999694824,50
2023090700,2023,1,"09/07/2023","20:20:00","KC","DET",1711,"(:45) (No Huddle, Shotgun) P.Mahomes pass deep left to Ju.Watson pushed ob at DET 4 for 26 yards (C.Gardner-Johnson).",2,"00:45",1,10,"KC","DET","DET",30,7,7,"N","C",23,"SHOTGUN","3x1","CORNER",FALSE,"TRADITIONAL",5.3600001335144,"INSIDE_BOX",5,"ZONE_COVERAGE","COVER_2_ZONE",NA,26,26,3.45235198986484,2.34294713230338,0.663186952471733,0.336813047528267,0.0418428108096123,-0.0418428108096123,TRUE,55910,13,"right",80,"Brian Branch","6-0",193,2001-10-22,"SS","Defense","Defensive Coverage",85.97,38.86,2.76,2.38,113.98,228.36,19,100.569999694824,50
2023090700,2023,1,"09/07/2023","20:20:00","KC","DET",1711,"(:45) (No Huddle, Shotgun) P.Mahomes pass deep left to Ju.Watson pushed ob at DET 4 for 26 yards (C.Gardner-Johnson).",2,"00:45",1,10,"KC","DET","DET",30,7,7,"N","C",23,"SHOTGUN","3x1","CORNER",FALSE,"TRADITIONAL",5.3600001335144,"INSIDE_BOX",5,"ZONE_COVERAGE","COVER_2_ZONE",NA,26,26,3.45235198986484,2.34294713230338,0.663186952471733,0.336813047528267,0.0418428108096123,-0.0418428108096123,TRUE,55910,16,"right",80,"Brian Branch","6-0",193,2001-10-22,"SS","Defense","Defensive Coverage",86.81,38.5,3.33,1.11,112.11,220.88,19,100.569999694824,50
2023090700,2023,1,"09/07/2023","20:20:00","KC","DET",1711,"(:45) (No Huddle, Shotgun) P.Mahomes pass deep left to Ju.Watson pushed ob at DET 4 for 26 yards (C.Gardner-Johnson).",2,"00:45",1,10,"KC","DET","DET",30,7,7,"N","C",23,"SHOTGUN","3x1","CORNER",FALSE,"TRADITIONAL",5.3600001335144,"INSIDE_BOX",5,"ZONE_COVERAGE","COVER_2_ZONE",NA,26,26,3.45235198986484,2.34294713230338,0.663186952471733,0.336813047528267,0.0418428108096123,-0.0418428108096123,TRUE,55910,19,"right",80,"Brian Branch","6-0",193,2001-10-22,"SS","Defense","Defensive Coverage",87.83,38.06,3.91,0.78,114.39,215.47,19,100.569999694824,50
2023090700,2023,1,"09/07/2023","20:20:00","KC","DET",1711,"(:45) (No Huddle, Shotgun) P.Mahomes pass deep left to Ju.Watson pushed ob at DET 4 for 26 yards (C.Gardner-Johnson).",2,"00:45",1,10,"KC","DET","DET",30,7,7,"N","C",23,"SHOTGUN","3x1","CORNER",FALSE,"TRADITIONAL",5.3600001335144,"INSIDE_BOX",5,"ZONE_COVERAGE","COVER_2_ZONE",NA,26,26,3.45235198986484,2.34294713230338,0.663186952471733,0.336813047528267,0.0418428108096123,-0.0418428108096123,TRUE,55910,22,"right",80,"Brian Branch","6-0",193,2001-10-22,"SS","Defense","Defensive Coverage",88.94,37.44,4.42,1.54,121.25,205.51,19,100.569999694824,50
2023090700,2023,1,"09/07/2023","20:20:00","KC","DET",1711,"(:45) (No Huddle, Shotgun) P.Mahomes pass deep left to Ju.Watson pushed ob at DET 4 for 26 yards (C.Gardner-Johnson).",2,"00:45",1,10,"KC","DET","DET",30,7,7,"N","C",23,"SHOTGUN","3x1","CORNER",FALSE,"TRADITIONAL",5.3600001335144,"INSIDE_BOX",5,"ZONE_COVERAGE","COVER_2_ZONE",NA,26,26,3.45235198986484,2.34294713230338,0.663186952471733,0.336813047528267,0.0418428108096123,-0.0418428108096123,TRUE,55910,25,"right",80,"Brian Branch","6-0",193,2001-10-22,"SS","Defense","Defensive Coverage",90.1,36.61,4.95,1.79,128.87,206.91,19,100.569999694824,50
2023090700,2023,1,"09/07/2023","20:20:00","KC","DET",1711,"(:45) (No Huddle, Shotgun) P.Mahomes pass deep left to Ju.Watson pushed ob at DET 4 for 26 yards (C.Gardner-Johnson).",2,"00:45",1,10,"KC","DET","DET",30,7,7,"N","C",23,"SHOTGUN","3x1","CORNER",FALSE,"TRADITIONAL",5.3600001335144,"INSIDE_BOX",5,"ZONE_COVERAGE","COVER_2_ZONE",NA,26,26,3.45235198986484,2.34294713230338,0.663186952471733,0.336813047528267,0.0418428108096123,-0.0418428108096123,TRUE,47888,2,"right",80,"C.J. Gardner-Johnson","5-11",208,1997-12-20,"SS","Defense","Defensive Coverage",93.3,33.6,1.4,0.59,57.29,271.93,19,100.569999694824,50
2023090700,2023,1,"09/07/2023","20:20:00","KC","DET",1711,"(:45) (No Huddle, Shotgun) P.Mahomes pass deep left to Ju.Watson pushed ob at DET 4 for 26 yards (C.Gardner-Johnson).",2,"00:45",1,10,"KC","DET","DET",30,7,7,"N","C",23,"SHOTGUN","3x1","CORNER",FALSE,"TRADITIONAL",5.3600001335144,"INSIDE_BOX",5,"ZONE_COVERAGE","COVER_2_ZONE",NA,26,26,3.45235198986484,2.34294713230338,0.663186952471733,0.336813047528267,0.0418428108096123,-0.0418428108096123,TRUE,47888,5,"right",80,"C.J. Gardner-Johnson","5-11",208,1997-12-20,"SS","Defense","Defensive Coverage",93.7,33.83,1.63,0.58,63.23,274.54,19,100.569999694824,50
2023090700,2023,1,"09/07/2023","20:20:00","KC","DET",1711,"(:45) (No Huddle, Shotgun) P.Mahomes pass deep left to Ju.Watson pushed ob at DET 4 for 26 yards (C.Gardner-Johnson).",2,"00:45",1,10,"KC","DET","DET",30,7,7,"N","C",23,"SHOTGUN","3x1","CORNER",FALSE,"TRADITIONAL",5.3600001335144,"INSIDE_BOX",5,"ZONE_COVERAGE","COVER_2_ZONE",NA,26,26,3.45235198986484,2.34294713230338,0.663186952471733,0.336813047528267,0.0418428108096123,-0.0418428108096123,TRUE,47888,8,"right",80,"C.J. Gardner-Johnson","5-11",208,1997-12-20,"SS","Defense","Defensive Coverage",94.2,34.03,1.98,0.94,70.36,274.54,19,100.569999694824,50
2023090700,2023,1,"09/07/2023","20:20:00","KC","DET",1711,"(:45) (No Huddle, Shotgun) P.Mahomes pass deep left to Ju.Watson pushed ob at DET 4 for 26 yards (C.Gardner-Johnson).",2,"00:45",1,10,"KC","DET","DET",30,7,7,"N","C",23,"SHOTGUN","3x1","CORNER",FALSE,"TRADITIONAL",5.3600001335144,"INSIDE_BOX",5,"ZONE_COVERAGE","COVER_2_ZONE",NA,26,26,3.45235198986484,2.34294713230338,0.663186952471733,0.336813047528267,0.0418428108096123,-0.0418428108096123,TRUE,47888,11,"right",80,"C.J. Gardner-Johnson","5-11",208,1997-12-20,"SS","Defense","Defensive Coverage",94.83,34.25,2.38,0.96,72.83,280.09,19,100.569999694824,50
2023090700,2023,1,"09/07/2023","20:20:00","KC","DET",1711,"(:45) (No Huddle, Shotgun) P.Mahomes pass deep left to Ju.Watson pushed ob at DET 4 for 26 yards (C.Gardner-Johnson).",2,"00:45",1,10,"KC","DET","DET",30,7,7,"N","C",23,"SHOTGUN","3x1","CORNER",FALSE,"TRADITIONAL",5.3600001335144,"INSIDE_BOX",5,"ZONE_COVERAGE","COVER_2_ZONE",NA,26,26,3.45235198986484,2.34294713230338,0.663186952471733,0.336813047528267,0.0418428108096123,-0.0418428108096123,TRUE,47888,14,"right",80,"C.J. Gardner-Johnson","5-11",208,1997-12-20,"SS","Defense","Defensive Coverage",95.59,34.49,2.9,1.15,72.82,283.19,19,100.569999694824,50
2023090700,2023,1,"09/07/2023","20:20:00","KC","DET",1711,"(:45) (No Huddle, Shotgun) P.Mahomes pass deep left to Ju.Watson pushed ob at DET 4 for 26 yards (C.Gardner-Johnson).",2,"00:45",1,10,"KC","DET","DET",30,7,7,"N","C",23,"SHOTGUN","3x1","CORNER",FALSE,"TRADITIONAL",5.3600001335144,"INSIDE_BOX",5,"ZONE_COVERAGE","COVER_2_ZONE",NA,26,26,3.45235198986484,2.34294713230338,0.663186952471733,0.336813047528267,0.0418428108096123,-0.0418428108096123,TRUE,47888,17,"right",80,"C.J. Gardner-Johnson","5-11",208,1997-12-20,"SS","Defense","Defensive Coverage",96.51,34.76,3.47,1.13,73.83,282.23,19,100.569999694824,50
2023090700,2023,1,"09/07/2023","20:20:00","KC","DET",1711,"(:45) (No Huddle, Shotgun) P.Mahomes pass deep left to Ju.Watson pushed ob at DET 4 for 26 yards (C.Gardner-Johnson).",2,"00:45",1,10,"KC","DET","DET",30,7,7,"N","C",23,"SHOTGUN","3x1","CORNER",FALSE,"TRADITIONAL",5.3600001335144,"INSIDE_BOX",5,"ZONE_COVERAGE","COVER_2_ZONE",NA,26,26,3.45235198986484,2.34294713230338,0.663186952471733,0.336813047528267,0.0418428108096123,-0.0418428108096123,TRUE,47888,20,"right",80,"C.J. Gardner-Johnson","5-11",208,1997-12-20,"SS","Defense","Defensive Coverage",97.57,35.05,3.81,0.58,75.55,285.94,19,100.569999694824,50
2023090700,2023,1,"09/07/2023","20:20:00","KC","DET",1711,"(:45) (No Huddle, Shotgun) P.Mahomes pass deep left to Ju.Watson pushed ob at DET 4 for 26 yards (C.Gardner-Johnson).",2,"00:45",1,10,"KC","DET","DET",30,7,7,"N","C",23,"SHOTGUN","3x1","CORNER",FALSE,"TRADITIONAL",5.3600001335144,"INSIDE_BOX",5,"ZONE_COVERAGE","COVER_2_ZONE",NA,26,26,3.45235198986484,2.34294713230338,0.663186952471733,0.336813047528267,0.0418428108096123,-0.0418428108096123,TRUE,47888,23,"right",80,"C.J. Gardner-Johnson","5-11",208,1997-12-20,"SS","Defense","Defensive Coverage",98.75,35.36,4.24,0.6,75.2,305.61,19,100.569999694824,50
2023090700,2023,1,"09/07/2023","20:20:00","KC","DET",1711,"(:45) (No Huddle, Shotgun) P.Mahomes pass deep left to Ju.Watson pushed ob at DET 4 for 26 yards (C.Gardner-Johnson).",2,"00:45",1,10,"KC","DET","DET",30,7,7,"N","C",23,"SHOTGUN","3x1","CORNER",FALSE,"TRADITIONAL",5.3600001335144,"INSIDE_BOX",5,"ZONE_COVERAGE","COVER_2_ZONE",NA,26,26,3.45235198986484,2.34294713230338,0.663186952471733,0.336813047528267,0.0418428108096123,-0.0418428108096123,TRUE,47888,26,"right",80,"C.J. Gardner-Johnson","5-11",208,1997-12-20,"SS","Defense","Defensive Coverage",100.03,35.75,4.68,1.02,70.78,327.05,19,100.569999694824,50
2023090700,2023,1,"09/07/2023","20:20:00","KC","DET",1711,"(:45) (No Huddle, Shotgun) P.Mahomes pass deep left to Ju.Watson pushed ob at DET 4 for 26 yards (C.Gardner-Johnson).",2,"00:45",1,10,"KC","DET","DET",30,7,7,"N","C",23,"SHOTGUN","3x1","CORNER",FALSE,"TRADITIONAL",5.3600001335144,"INSIDE_BOX",5,"ZONE_COVERAGE","COVER_2_ZONE",NA,26,26,3.45235198986484,2.34294713230338,0.663186952471733,0.336813047528267,0.0418428108096123,-0.0418428108096123,FALSE,44906,3,"right",80,"Cameron Sutton","5-11",188,1995-02-27,"CB","Defense","Defensive Coverage",83.76,10.05,1.13,0.36,96.1,10.38,19,100.569999694824,50
2023090700,2023,1,"09/07/2023","20:20:00","KC","DET",1711,"(:45) (No Huddle, Shotgun) P.Mahomes pass deep left to Ju.Watson pushed ob at DET 4 for 26 yards (C.Gardner-Johnson).",2,"00:45",1,10,"KC","DET","DET",30,7,7,"N","C",23,"SHOTGUN","3x1","CORNER",FALSE,"TRADITIONAL",5.3600001335144,"INSIDE_BOX",5,"ZONE_COVERAGE","COVER_2_ZONE",NA,26,26,3.45235198986484,2.34294713230338,0.663186952471733,0.336813047528267,0.0418428108096123,-0.0418428108096123,FALSE,44906,6,"right",80,"Cameron Sutton","5-11",188,1995-02-27,"CB","Defense","Defensive Coverage",84.26,10,1.93,1.58,96.29,14.63,19,100.569999694824,50
2023090700,2023,1,"09/07/2023","20:20:00","KC","DET",1711,"(:45) (No Huddle, Shotgun) P.Mahomes pass deep left to Ju.Watson pushed ob at DET 4 for 26 yards (C.Gardner-Johnson).",2,"00:45",1,10,"KC","DET","DET",30,7,7,"N","C",23,"SHOTGUN","3x1","CORNER",FALSE,"TRADITIONAL",5.3600001335144,"INSIDE_BOX",5,"ZONE_COVERAGE","COVER_2_ZONE",NA,26,26,3.45235198986484,2.34294713230338,0.663186952471733,0.336813047528267,0.0418428108096123,-0.0418428108096123,FALSE,44906,9,"right",80,"Cameron Sutton","5-11",188,1995-02-27,"CB","Defense","Defensive Coverage",84.92,9.94,2.57,2.2,92.47,9.48,19,100.569999694824,50
2023090700,2023,1,"09/07/2023","20:20:00","KC","DET",1711,"(:45) (No Huddle, Shotgun) P.Mahomes pass deep left to Ju.Watson pushed ob at DET 4 for 26 yards (C.Gardner-Johnson).",2,"00:45",1,10,"KC","DET","DET",30,7,7,"N","C",23,"SHOTGUN","3x1","CORNER",FALSE,"TRADITIONAL",5.3600001335144,"INSIDE_BOX",5,"ZONE_COVERAGE","COVER_2_ZONE",NA,26,26,3.45235198986484,2.34294713230338,0.663186952471733,0.336813047528267,0.0418428108096123,-0.0418428108096123,FALSE,44906,12,"right",80,"Cameron Sutton","5-11",188,1995-02-27,"CB","Defense","Defensive Coverage",85.81,9.94,3.41,1.96,87.05,22.74,19,100.569999694824,50
2023090700,2023,1,"09/07/2023","20:20:00","KC","DET",1711,"(:45) (No Huddle, Shotgun) P.Mahomes pass deep left to Ju.Watson pushed ob at DET 4 for 26 yards (C.Gardner-Johnson).",2,"00:45",1,10,"KC","DET","DET",30,7,7,"N","C",23,"SHOTGUN","3x1","CORNER",FALSE,"TRADITIONAL",5.3600001335144,"INSIDE_BOX",5,"ZONE_COVERAGE","COVER_2_ZONE",NA,26,26,3.45235198986484,2.34294713230338,0.663186952471733,0.336813047528267,0.0418428108096123,-0.0418428108096123,FALSE,44906,15,"right",80,"Cameron Sutton","5-11",188,1995-02-27,"CB","Defense","Defensive Coverage",86.93,10.03,4.03,1.3,83.45,23.33,19,100.569999694824,50
2023090700,2023,1,"09/07/2023","20:20:00","KC","DET",1711,"(:45) (No Huddle, Shotgun) P.Mahomes pass deep left to Ju.Watson pushed ob at DET 4 for 26 yards (C.Gardner-Johnson).",2,"00:45",1,10,"KC","DET","DET",30,7,7,"N","C",23,"SHOTGUN","3x1","CORNER",FALSE,"TRADITIONAL",5.3600001335144,"INSIDE_BOX",5,"ZONE_COVERAGE","COVER_2_ZONE",NA,26,26,3.45235198986484,2.34294713230338,0.663186952471733,0.336813047528267,0.0418428108096123,-0.0418428108096123,FALSE,44906,18,"right",80,"Cameron Sutton","5-11",188,1995-02-27,"CB","Defense","Defensive Coverage",88.23,10.21,4.58,0.88,81.7,26.82,19,100.569999694824,50
2023090700,2023,1,"09/07/2023","20:20:00","KC","DET",1711,"(:45) (No Huddle, Shotgun) P.Mahomes pass deep left to Ju.Watson pushed ob at DET 4 for 26 yards (C.Gardner-Johnson).",2,"00:45",1,10,"KC","DET","DET",30,7,7,"N","C",23,"SHOTGUN","3x1","CORNER",FALSE,"TRADITIONAL",5.3600001335144,"INSIDE_BOX",5,"ZONE_COVERAGE","COVER_2_ZONE",NA,26,26,3.45235198986484,2.34294713230338,0.663186952471733,0.336813047528267,0.0418428108096123,-0.0418428108096123,FALSE,44906,21,"right",80,"Cameron Sutton","5-11",188,1995-02-27,"CB","Defense","Defensive Coverage",89.65,10.38,4.85,0.7,84.88,38.8,19,100.569999694824,50
2023090700,2023,1,"09/07/2023","20:20:00","KC","DET",1711,"(:45) (No Huddle, Shotgun) P.Mahomes pass deep left to Ju.Watson pushed ob at DET 4 for 26 yards (C.Gardner-Johnson).",2,"00:45",1,10,"KC","DET","DET",30,7,7,"N","C",23,"SHOTGUN","3x1","CORNER",FALSE,"TRADITIONAL",5.3600001335144,"INSIDE_BOX",5,"ZONE_COVERAGE","COVER_2_ZONE",NA,26,26,3.45235198986484,2.34294713230338,0.663186952471733,0.336813047528267,0.0418428108096123,-0.0418428108096123,FALSE,44906,24,"right",80,"Cameron Sutton","5-11",188,1995-02-27,"CB","Defense","Defensive Coverage",91.11,10.4,4.81,2.08,93.17,45.29,19,100.569999694824,50
2023090700,2023,1,"09/07/2023","20:20:00","KC","DET",1711,"(:45) (No Huddle, Shotgun) P.Mahomes pass deep left to Ju.Watson pushed ob at DET 4 for 26 yards (C.Gardner-Johnson).",2,"00:45",1,10,"KC","DET","DET",30,7,7,"N","C",23,"SHOTGUN","3x1","CORNER",FALSE,"TRADITIONAL",5.3600001335144,"INSIDE_BOX",5,"ZONE_COVERAGE","COVER_2_ZONE",NA,26,26,3.45235198986484,2.34294713230338,0.663186952471733,0.336813047528267,0.0418428108096123,-0.0418428108096123,FALSE,55882,1,"right",80,"Jack Campbell","6-5",243,2000-08-22,"MLB","Defense","Defensive Coverage",85.25,25.63,1.45,2.01,180.05,270.2,19,100.569999694824,50
2023090700,2023,1,"09/07/2023","20:20:00","KC","DET",1711,"(:45) (No Huddle, Shotgun) P.Mahomes pass deep left to Ju.Watson pushed ob at DET 4 for 26 yards (C.Gardner-Johnson).",2,"00:45",1,10,"KC","DET","DET",30,7,7,"N","C",23,"SHOTGUN","3x1","CORNER",FALSE,"TRADITIONAL",5.3600001335144,"INSIDE_BOX",5,"ZONE_COVERAGE","COVER_2_ZONE",NA,26,26,3.45235198986484,2.34294713230338,0.663186952471733,0.336813047528267,0.0418428108096123,-0.0418428108096123,FALSE,55882,4,"right",80,"Jack Campbell","6-5",243,2000-08-22,"MLB","Defense","Defensive Coverage",85.27,25.31,0.84,1.88,163.68,268.12,19,100.569999694824,50
2023090700,2023,1,"09/07/2023","20:20:00","KC","DET",1711,"(:45) (No Huddle, Shotgun) P.Mahomes pass deep left to Ju.Watson pushed ob at DET 4 for 26 yards (C.Gardner-Johnson).",2,"00:45",1,10,"KC","DET","DET",30,7,7,"N","C",23,"SHOTGUN","3x1","CORNER",FALSE,"TRADITIONAL",5.3600001335144,"INSIDE_BOX",5,"ZONE_COVERAGE","COVER_2_ZONE",NA,26,26,3.45235198986484,2.34294713230338,0.663186952471733,0.336813047528267,0.0418428108096123,-0.0418428108096123,FALSE,55882,7,"right",80,"Jack Campbell","6-5",243,2000-08-22,"MLB","Defense","Defensive Coverage",85.42,25.07,1.22,1.64,140.66,264.08,19,100.569999694824,50
2023090700,2023,1,"09/07/2023","20:20:00","KC","DET",1711,"(:45) (No Huddle, Shotgun) P.Mahomes pass deep left to Ju.Watson pushed ob at DET 4 for 26 yards (C.Gardner-Johnson).",2,"00:45",1,10,"KC","DET","DET",30,7,7,"N","C",23,"SHOTGUN","3x1","CORNER",FALSE,"TRADITIONAL",5.3600001335144,"INSIDE_BOX",5,"ZONE_COVERAGE","COVER_2_ZONE",NA,26,26,3.45235198986484,2.34294713230338,0.663186952471733,0.336813047528267,0.0418428108096123,-0.0418428108096123,FALSE,55882,10,"right",80,"Jack Campbell","6-5",243,2000-08-22,"MLB","Defense","Defensive Coverage",85.74,24.64,2.34,2.99,144.01,255.66,19,100.569999694824,50
2023090700,2023,1,"09/07/2023","20:20:00","KC","DET",1711,"(:45) (No Huddle, Shotgun) P.Mahomes pass deep left to Ju.Watson pushed ob at DET 4 for 26 yards (C.Gardner-Johnson).",2,"00:45",1,10,"KC","DET","DET",30,7,7,"N","C",23,"SHOTGUN","3x1","CORNER",FALSE,"TRADITIONAL",5.3600001335144,"INSIDE_BOX",5,"ZONE_COVERAGE","COVER_2_ZONE",NA,26,26,3.45235198986484,2.34294713230338,0.663186952471733,0.336813047528267,0.0418428108096123,-0.0418428108096123,FALSE,55882,13,"right",80,"Jack Campbell","6-5",243,2000-08-22,"MLB","Defense","Defensive Coverage",86.22,23.9,3.48,2.74,149.19,248.98,19,100.569999694824,50
2023090700,2023,1,"09/07/2023","20:20:00","KC","DET",1711,"(:45) (No Huddle, Shotgun) P.Mahomes pass deep left to Ju.Watson pushed ob at DET 4 for 26 yards (C.Gardner-Johnson).",2,"00:45",1,10,"KC","DET","DET",30,7,7,"N","C",23,"SHOTGUN","3x1","CORNER",FALSE,"TRADITIONAL",5.3600001335144,"INSIDE_BOX",5,"ZONE_COVERAGE","COVER_2_ZONE",NA,26,26,3.45235198986484,2.34294713230338,0.663186952471733,0.336813047528267,0.0418428108096123,-0.0418428108096123,FALSE,55882,16,"right",80,"Jack Campbell","6-5",243,2000-08-22,"MLB","Defense","Defensive Coverage",86.8,22.87,4.21,1.45,152.33,251.96,19,100.569999694824,50
2023090700,2023,1,"09/07/2023","20:20:00","KC","DET",1711,"(:45) (No Huddle, Shotgun) P.Mahomes pass deep left to Ju.Watson pushed ob at DET 4 for 26 yards (C.Gardner-Johnson).",2,"00:45",1,10,"KC","DET","DET",30,7,7,"N","C",23,"SHOTGUN","3x1","CORNER",FALSE,"TRADITIONAL",5.3600001335144,"INSIDE_BOX",5,"ZONE_COVERAGE","COVER_2_ZONE",NA,26,26,3.45235198986484,2.34294713230338,0.663186952471733,0.336813047528267,0.0418428108096123,-0.0418428108096123,FALSE,55882,19,"right",80,"Jack Campbell","6-5",243,2000-08-22,"MLB","Defense","Defensive Coverage",87.38,21.74,4.21,0.61,153.77,253.85,19,100.569999694824,50
2023090700,2023,1,"09/07/2023","20:20:00","KC","DET",1711,"(:45) (No Huddle, Shotgun) P.Mahomes pass deep left to Ju.Watson pushed ob at DET 4 for 26 yards (C.Gardner-Johnson).",2,"00:45",1,10,"KC","DET","DET",30,7,7,"N","C",23,"SHOTGUN","3x1","CORNER",FALSE,"TRADITIONAL",5.3600001335144,"INSIDE_BOX",5,"ZONE_COVERAGE","COVER_2_ZONE",NA,26,26,3.45235198986484,2.34294713230338,0.663186952471733,0.336813047528267,0.0418428108096123,-0.0418428108096123,FALSE,55882,22,"right",80,"Jack Campbell","6-5",243,2000-08-22,"MLB","Defense","Defensive Coverage",87.88,20.67,3.68,1.86,155.95,255.78,19,100.569999694824,50
2023090700,2023,1,"09/07/2023","20:20:00","KC","DET",1711,"(:45) (No Huddle, Shotgun) P.Mahomes pass deep left to Ju.Watson pushed ob at DET 4 for 26 yards (C.Gardner-Johnson).",2,"00:45",1,10,"KC","DET","DET",30,7,7,"N","C",23,"SHOTGUN","3x1","CORNER",FALSE,"TRADITIONAL",5.3600001335144,"INSIDE_BOX",5,"ZONE_COVERAGE","COVER_2_ZONE",NA,26,26,3.45235198986484,2.34294713230338,0.663186952471733,0.336813047528267,0.0418428108096123,-0.0418428108096123,FALSE,55882,25,"right",80,"Jack Campbell","6-5",243,2000-08-22,"MLB","Defense","Defensive Coverage",88.27,19.84,2.49,3.33,152.75,271.4,19,100.569999694824,50
2023090700,2023,1,"09/07/2023","20:20:00","KC","DET",1711,"(:45) (No Huddle, Shotgun) P.Mahomes pass deep left to Ju.Watson pushed ob at DET 4 for 26 yards (C.Gardner-Johnson).",2,"00:45",1,10,"KC","DET","DET",30,7,7,"N","C",23,"SHOTGUN","3x1","CORNER",FALSE,"TRADITIONAL",5.3600001335144,"INSIDE_BOX",5,"ZONE_COVERAGE","COVER_2_ZONE",NA,26,26,3.45235198986484,2.34294713230338,0.663186952471733,0.336813047528267,0.0418428108096123,-0.0418428108096123,TRUE,53953,2,"right",80,"Jerry Jacobs","5-11",198,1997-09-26,"CB","Defense","Defensive Coverage",82.96,45.18,1.53,0.94,267.84,242.12,19,100.569999694824,50
2023090700,2023,1,"09/07/2023","20:20:00","KC","DET",1711,"(:45) (No Huddle, Shotgun) P.Mahomes pass deep left to Ju.Watson pushed ob at DET 4 for 26 yards (C.Gardner-Johnson).",2,"00:45",1,10,"KC","DET","DET",30,7,7,"N","C",23,"SHOTGUN","3x1","CORNER",FALSE,"TRADITIONAL",5.3600001335144,"INSIDE_BOX",5,"ZONE_COVERAGE","COVER_2_ZONE",NA,26,26,3.45235198986484,2.34294713230338,0.663186952471733,0.336813047528267,0.0418428108096123,-0.0418428108096123,TRUE,53953,5,"right",80,"Jerry Jacobs","5-11",198,1997-09-26,"CB","Defense","Defensive Coverage",82.52,45.13,1.39,1.39,251.79,244.6,19,100.569999694824,50
2023090700,2023,1,"09/07/2023","20:20:00","KC","DET",1711,"(:45) (No Huddle, Shotgun) P.Mahomes pass deep left to Ju.Watson pushed ob at DET 4 for 26 yards (C.Gardner-Johnson).",2,"00:45",1,10,"KC","DET","DET",30,7,7,"N","C",23,"SHOTGUN","3x1","CORNER",FALSE,"TRADITIONAL",5.3600001335144,"INSIDE_BOX",5,"ZONE_COVERAGE","COVER_2_ZONE",NA,26,26,3.45235198986484,2.34294713230338,0.663186952471733,0.336813047528267,0.0418428108096123,-0.0418428108096123,TRUE,53953,8,"right",80,"Jerry Jacobs","5-11",198,1997-09-26,"CB","Defense","Defensive Coverage",82.25,44.88,1.3,3.36,197.06,241.99,19,100.569999694824,50
2023090700,2023,1,"09/07/2023","20:20:00","KC","DET",1711,"(:45) (No Huddle, Shotgun) P.Mahomes pass deep left to Ju.Watson pushed ob at DET 4 for 26 yards (C.Gardner-Johnson).",2,"00:45",1,10,"KC","DET","DET",30,7,7,"N","C",23,"SHOTGUN","3x1","CORNER",FALSE,"TRADITIONAL",5.3600001335144,"INSIDE_BOX",5,"ZONE_COVERAGE","COVER_2_ZONE",NA,26,26,3.45235198986484,2.34294713230338,0.663186952471733,0.336813047528267,0.0418428108096123,-0.0418428108096123,TRUE,53953,11,"right",80,"Jerry Jacobs","5-11",198,1997-09-26,"CB","Defense","Defensive Coverage",82.34,44.37,2.21,3.62,156.34,230.96,19,100.569999694824,50
2023090700,2023,1,"09/07/2023","20:20:00","KC","DET",1711,"(:45) (No Huddle, Shotgun) P.Mahomes pass deep left to Ju.Watson pushed ob at DET 4 for 26 yards (C.Gardner-Johnson).",2,"00:45",1,10,"KC","DET","DET",30,7,7,"N","C",23,"SHOTGUN","3x1","CORNER",FALSE,"TRADITIONAL",5.3600001335144,"INSIDE_BOX",5,"ZONE_COVERAGE","COVER_2_ZONE",NA,26,26,3.45235198986484,2.34294713230338,0.663186952471733,0.336813047528267,0.0418428108096123,-0.0418428108096123,TRUE,53953,14,"right",80,"Jerry Jacobs","5-11",198,1997-09-26,"CB","Defense","Defensive Coverage",82.87,43.7,3.34,3.53,134.64,207.4,19,100.569999694824,50
2023090700,2023,1,"09/07/2023","20:20:00","KC","DET",1711,"(:45) (No Huddle, Shotgun) P.Mahomes pass deep left to Ju.Watson pushed ob at DET 4 for 26 yards (C.Gardner-Johnson).",2,"00:45",1,10,"KC","DET","DET",30,7,7,"N","C",23,"SHOTGUN","3x1","CORNER",FALSE,"TRADITIONAL",5.3600001335144,"INSIDE_BOX",5,"ZONE_COVERAGE","COVER_2_ZONE",NA,26,26,3.45235198986484,2.34294713230338,0.663186952471733,0.336813047528267,0.0418428108096123,-0.0418428108096123,TRUE,53953,17,"right",80,"Jerry Jacobs","5-11",198,1997-09-26,"CB","Defense","Defensive Coverage",83.82,43.04,4.23,3.43,117.7,188.92,19,100.569999694824,50
2023090700,2023,1,"09/07/2023","20:20:00","KC","DET",1711,"(:45) (No Huddle, Shotgun) P.Mahomes pass deep left to Ju.Watson pushed ob at DET 4 for 26 yards (C.Gardner-Johnson).",2,"00:45",1,10,"KC","DET","DET",30,7,7,"N","C",23,"SHOTGUN","3x1","CORNER",FALSE,"TRADITIONAL",5.3600001335144,"INSIDE_BOX",5,"ZONE_COVERAGE","COVER_2_ZONE",NA,26,26,3.45235198986484,2.34294713230338,0.663186952471733,0.336813047528267,0.0418428108096123,-0.0418428108096123,TRUE,53953,20,"right",80,"Jerry Jacobs","5-11",198,1997-09-26,"CB","Defense","Defensive Coverage",85.07,42.59,4.65,3.33,102.59,178.26,19,100.569999694824,50
2023090700,2023,1,"09/07/2023","20:20:00","KC","DET",1711,"(:45) (No Huddle, Shotgun) P.Mahomes pass deep left to Ju.Watson pushed ob at DET 4 for 26 yards (C.Gardner-Johnson).",2,"00:45",1,10,"KC","DET","DET",30,7,7,"N","C",23,"SHOTGUN","3x1","CORNER",FALSE,"TRADITIONAL",5.3600001335144,"INSIDE_BOX",5,"ZONE_COVERAGE","COVER_2_ZONE",NA,26,26,3.45235198986484,2.34294713230338,0.663186952471733,0.336813047528267,0.0418428108096123,-0.0418428108096123,TRUE,53953,23,"right",80,"Jerry Jacobs","5-11",198,1997-09-26,"CB","Defense","Defensive Coverage",86.46,42.45,4.61,2.94,89.28,169.78,19,100.569999694824,50
2023090700,2023,1,"09/07/2023","20:20:00","KC","DET",1711,"(:45) (No Huddle, Shotgun) P.Mahomes pass deep left to Ju.Watson pushed ob at DET 4 for 26 yards (C.Gardner-Johnson).",2,"00:45",1,10,"KC","DET","DET",30,7,7,"N","C",23,"SHOTGUN","3x1","CORNER",FALSE,"TRADITIONAL",5.3600001335144,"INSIDE_BOX",5,"ZONE_COVERAGE","COVER_2_ZONE",NA,26,26,3.45235198986484,2.34294713230338,0.663186952471733,0.336813047528267,0.0418428108096123,-0.0418428108096123,TRUE,53953,26,"right",80,"Jerry Jacobs","5-11",198,1997-09-26,"CB","Defense","Defensive Coverage",87.72,42.65,4.01,3.18,74.76,182.62,19,100.569999694824,50
2023090700,2023,1,"09/07/2023","20:20:00","KC","DET",1711,"(:45) (No Huddle, Shotgun) P.Mahomes pass deep left to Ju.Watson pushed ob at DET 4 for 26 yards (C.Gardner-Johnson).",2,"00:45",1,10,"KC","DET","DET",30,7,7,"N","C",23,"SHOTGUN","3x1","CORNER",FALSE,"TRADITIONAL",5.3600001335144,"INSIDE_BOX",5,"ZONE_COVERAGE","COVER_2_ZONE",NA,26,26,3.45235198986484,2.34294713230338,0.663186952471733,0.336813047528267,0.0418428108096123,-0.0418428108096123,FALSE,54562,3,"right",80,"Kerby Joseph","6-1",200,2000-11-14,"FS","Defense","Defensive Coverage",92.15,18.38,2.27,1.85,108.62,278.76,19,100.569999694824,50
2023090700,2023,1,"09/07/2023","20:20:00","KC","DET",1711,"(:45) (No Huddle, Shotgun) P.Mahomes pass deep left to Ju.Watson pushed ob at DET 4 for 26 yards (C.Gardner-Johnson).",2,"00:45",1,10,"KC","DET","DET",30,7,7,"N","C",23,"SHOTGUN","3x1","CORNER",FALSE,"TRADITIONAL",5.3600001335144,"INSIDE_BOX",5,"ZONE_COVERAGE","COVER_2_ZONE",NA,26,26,3.45235198986484,2.34294713230338,0.663186952471733,0.336813047528267,0.0418428108096123,-0.0418428108096123,FALSE,54562,6,"right",80,"Kerby Joseph","6-1",200,2000-11-14,"FS","Defense","Defensive Coverage",92.86,18.05,2.88,1.76,118.69,269.21,19,100.569999694824,50
2023090700,2023,1,"09/07/2023","20:20:00","KC","DET",1711,"(:45) (No Huddle, Shotgun) P.Mahomes pass deep left to Ju.Watson pushed ob at DET 4 for 26 yards (C.Gardner-Johnson).",2,"00:45",1,10,"KC","DET","DET",30,7,7,"N","C",23,"SHOTGUN","3x1","CORNER",FALSE,"TRADITIONAL",5.3600001335144,"INSIDE_BOX",5,"ZONE_COVERAGE","COVER_2_ZONE",NA,26,26,3.45235198986484,2.34294713230338,0.663186952471733,0.336813047528267,0.0418428108096123,-0.0418428108096123,FALSE,54562,9,"right",80,"Kerby Joseph","6-1",200,2000-11-14,"FS","Defense","Defensive Coverage",93.66,17.57,3.34,1.31,123.69,264.79,19,100.569999694824,50
2023090700,2023,1,"09/07/2023","20:20:00","KC","DET",1711,"(:45) (No Huddle, Shotgun) P.Mahomes pass deep left to Ju.Watson pushed ob at DET 4 for 26 yards (C.Gardner-Johnson).",2,"00:45",1,10,"KC","DET","DET",30,7,7,"N","C",23,"SHOTGUN","3x1","CORNER",FALSE,"TRADITIONAL",5.3600001335144,"INSIDE_BOX",5,"ZONE_COVERAGE","COVER_2_ZONE",NA,26,26,3.45235198986484,2.34294713230338,0.663186952471733,0.336813047528267,0.0418428108096123,-0.0418428108096123,FALSE,54562,12,"right",80,"Kerby Joseph","6-1",200,2000-11-14,"FS","Defense","Defensive Coverage",94.52,16.99,3.6,0.35,123.9,267.27,19,100.569999694824,50
2023090700,2023,1,"09/07/2023","20:20:00","KC","DET",1711,"(:45) (No Huddle, Shotgun) P.Mahomes pass deep left to Ju.Watson pushed ob at DET 4 for 26 yards (C.Gardner-Johnson).",2,"00:45",1,10,"KC","DET","DET",30,7,7,"N","C",23,"SHOTGUN","3x1","CORNER",FALSE,"TRADITIONAL",5.3600001335144,"INSIDE_BOX",5,"ZONE_COVERAGE","COVER_2_ZONE",NA,26,26,3.45235198986484,2.34294713230338,0.663186952471733,0.336813047528267,0.0418428108096123,-0.0418428108096123,FALSE,54562,15,"right",80,"Kerby Joseph","6-1",200,2000-11-14,"FS","Defense","Defensive Coverage",95.48,16.44,3.72,1.31,115.95,274.76,19,100.569999694824,50
2023090700,2023,1,"09/07/2023","20:20:00","KC","DET",1711,"(:45) (No Huddle, Shotgun) P.Mahomes pass deep left to Ju.Watson pushed ob at DET 4 for 26 yards (C.Gardner-Johnson).",2,"00:45",1,10,"KC","DET","DET",30,7,7,"N","C",23,"SHOTGUN","3x1","CORNER",FALSE,"TRADITIONAL",5.3600001335144,"INSIDE_BOX",5,"ZONE_COVERAGE","COVER_2_ZONE",NA,26,26,3.45235198986484,2.34294713230338,0.663186952471733,0.336813047528267,0.0418428108096123,-0.0418428108096123,FALSE,54562,18,"right",80,"Kerby Joseph","6-1",200,2000-11-14,"FS","Defense","Defensive Coverage",96.55,16.03,3.94,1.66,106.56,279.23,19,100.569999694824,50
2023090700,2023,1,"09/07/2023","20:20:00","KC","DET",1711,"(:45) (No Huddle, Shotgun) P.Mahomes pass deep left to Ju.Watson pushed ob at DET 4 for 26 yards (C.Gardner-Johnson).",2,"00:45",1,10,"KC","DET","DET",30,7,7,"N","C",23,"SHOTGUN","3x1","CORNER",FALSE,"TRADITIONAL",5.3600001335144,"INSIDE_BOX",5,"ZONE_COVERAGE","COVER_2_ZONE",NA,26,26,3.45235198986484,2.34294713230338,0.663186952471733,0.336813047528267,0.0418428108096123,-0.0418428108096123,FALSE,54562,21,"right",80,"Kerby Joseph","6-1",200,2000-11-14,"FS","Defense","Defensive Coverage",97.77,15.77,4.25,1.33,99.23,279.48,19,100.569999694824,50
2023090700,2023,1,"09/07/2023","20:20:00","KC","DET",1711,"(:45) (No Huddle, Shotgun) P.Mahomes pass deep left to Ju.Watson pushed ob at DET 4 for 26 yards (C.Gardner-Johnson).",2,"00:45",1,10,"KC","DET","DET",30,7,7,"N","C",23,"SHOTGUN","3x1","CORNER",FALSE,"TRADITIONAL",5.3600001335144,"INSIDE_BOX",5,"ZONE_COVERAGE","COVER_2_ZONE",NA,26,26,3.45235198986484,2.34294713230338,0.663186952471733,0.336813047528267,0.0418428108096123,-0.0418428108096123,FALSE,54562,24,"right",80,"Kerby Joseph","6-1",200,2000-11-14,"FS","Defense","Defensive Coverage",99.06,15.59,4.41,0.57,96.44,283.13,19,100.569999694824,50
2023090700,2023,1,"09/07/2023","20:20:00","KC","DET",1711,"(:45) (No Huddle, Shotgun) P.Mahomes pass deep left to Ju.Watson pushed ob at DET 4 for 26 yards (C.Gardner-Johnson).",2,"00:45",1,10,"KC","DET","DET",30,7,7,"N","C",23,"SHOTGUN","3x1","CORNER",FALSE,"TRADITIONAL",5.3600001335144,"INSIDE_BOX",5,"ZONE_COVERAGE","COVER_2_ZONE",NA,26,26,3.45235198986484,2.34294713230338,0.663186952471733,0.336813047528267,0.0418428108096123,-0.0418428108096123,FALSE,44822,3,"right",80,"Patrick Mahomes","6-3",230,1995-09-17,"QB","Offense","Passer",75.36,27.39,0.6,1.06,280.42,96.96,19,100.569999694824,50
2023090700,2023,1,"09/07/2023","20:20:00","KC","DET",1711,"(:45) (No Huddle, Shotgun) P.Mahomes pass deep left to Ju.Watson pushed ob at DET 4 for 26 yards (C.Gardner-Johnson).",2,"00:45",1,10,"KC","DET","DET",30,7,7,"N","C",23,"SHOTGUN","3x1","CORNER",FALSE,"TRADITIONAL",5.3600001335144,"INSIDE_BOX",5,"ZONE_COVERAGE","COVER_2_ZONE",NA,26,26,3.45235198986484,2.34294713230338,0.663186952471733,0.336813047528267,0.0418428108096123,-0.0418428108096123,FALSE,44822,6,"right",80,"Patrick Mahomes","6-3",230,1995-09-17,"QB","Offense","Passer",75.05,27.46,1.49,2.61,283.39,109.36,19,100.569999694824,50
2023090700,2023,1,"09/07/2023","20:20:00","KC","DET",1711,"(:45) (No Huddle, Shotgun) P.Mahomes pass deep left to Ju.Watson pushed ob at DET 4 for 26 yards (C.Gardner-Johnson).",2,"00:45",1,10,"KC","DET","DET",30,7,7,"N","C",23,"SHOTGUN","3x1","CORNER",FALSE,"TRADITIONAL",5.3600001335144,"INSIDE_BOX",5,"ZONE_COVERAGE","COVER_2_ZONE",NA,26,26,3.45235198986484,2.34294713230338,0.663186952471733,0.336813047528267,0.0418428108096123,-0.0418428108096123,FALSE,44822,9,"right",80,"Patrick Mahomes","6-3",230,1995-09-17,"QB","Offense","Passer",74.47,27.58,2.42,2.42,279.36,125.1,19,100.569999694824,50
2023090700,2023,1,"09/07/2023","20:20:00","KC","DET",1711,"(:45) (No Huddle, Shotgun) P.Mahomes pass deep left to Ju.Watson pushed ob at DET 4 for 26 yards (C.Gardner-Johnson).",2,"00:45",1,10,"KC","DET","DET",30,7,7,"N","C",23,"SHOTGUN","3x1","CORNER",FALSE,"TRADITIONAL",5.3600001335144,"INSIDE_BOX",5,"ZONE_COVERAGE","COVER_2_ZONE",NA,26,26,3.45235198986484,2.34294713230338,0.663186952471733,0.336813047528267,0.0418428108096123,-0.0418428108096123,FALSE,44822,12,"right",80,"Patrick Mahomes","6-3",230,1995-09-17,"QB","Offense","Passer",73.65,27.66,3.05,1.68,272.15,130.9,19,100.569999694824,50
2023090700,2023,1,"09/07/2023","20:20:00","KC","DET",1711,"(:45) (No Huddle, Shotgun) P.Mahomes pass deep left to Ju.Watson pushed ob at DET 4 for 26 yards (C.Gardner-Johnson).",2,"00:45",1,10,"KC","DET","DET",30,7,7,"N","C",23,"SHOTGUN","3x1","CORNER",FALSE,"TRADITIONAL",5.3600001335144,"INSIDE_BOX",5,"ZONE_COVERAGE","COVER_2_ZONE",NA,26,26,3.45235198986484,2.34294713230338,0.663186952471733,0.336813047528267,0.0418428108096123,-0.0418428108096123,FALSE,44822,15,"right",80,"Patrick Mahomes","6-3",230,1995-09-17,"QB","Offense","Passer",72.68,27.65,3.28,0.92,266.22,123.76,19,100.569999694824,50
2023090700,2023,1,"09/07/2023","20:20:00","KC","DET",1711,"(:45) (No Huddle, Shotgun) P.Mahomes pass deep left to Ju.Watson pushed ob at DET 4 for 26 yards (C.Gardner-Johnson).",2,"00:45",1,10,"KC","DET","DET",30,7,7,"N","C",23,"SHOTGUN","3x1","CORNER",FALSE,"TRADITIONAL",5.3600001335144,"INSIDE_BOX",5,"ZONE_COVERAGE","COVER_2_ZONE",NA,26,26,3.45235198986484,2.34294713230338,0.663186952471733,0.336813047528267,0.0418428108096123,-0.0418428108096123,FALSE,44822,18,"right",80,"Patrick Mahomes","6-3",230,1995-09-17,"QB","Offense","Passer",71.74,27.55,2.99,1.32,262.79,116.76,19,100.569999694824,50
2023090700,2023,1,"09/07/2023","20:20:00","KC","DET",1711,"(:45) (No Huddle, Shotgun) P.Mahomes pass deep left to Ju.Watson pushed ob at DET 4 for 26 yards (C.Gardner-Johnson).",2,"00:45",1,10,"KC","DET","DET",30,7,7,"N","C",23,"SHOTGUN","3x1","CORNER",FALSE,"TRADITIONAL",5.3600001335144,"INSIDE_BOX",5,"ZONE_COVERAGE","COVER_2_ZONE",NA,26,26,3.45235198986484,2.34294713230338,0.663186952471733,0.336813047528267,0.0418428108096123,-0.0418428108096123,FALSE,44822,21,"right",80,"Patrick Mahomes","6-3",230,1995-09-17,"QB","Offense","Passer",70.95,27.51,2.3,2.51,272.96,118.67,19,100.569999694824,50
2023090700,2023,1,"09/07/2023","20:20:00","KC","DET",1711,"(:45) (No Huddle, Shotgun) P.Mahomes pass deep left to Ju.Watson pushed ob at DET 4 for 26 yards (C.Gardner-Johnson).",2,"00:45",1,10,"KC","DET","DET",30,7,7,"N","C",23,"SHOTGUN","3x1","CORNER",FALSE,"TRADITIONAL",5.3600001335144,"INSIDE_BOX",5,"ZONE_COVERAGE","COVER_2_ZONE",NA,26,26,3.45235198986484,2.34294713230338,0.663186952471733,0.336813047528267,0.0418428108096123,-0.0418428108096123,FALSE,44822,24,"right",80,"Patrick Mahomes","6-3",230,1995-09-17,"QB","Offense","Passer",70.38,27.68,1.77,3.31,304.19,98.84,19,100.569999694824,50
2023090700,2023,1,"09/07/2023","20:20:00","KC","DET",1711,"(:45) (No Huddle, Shotgun) P.Mahomes pass deep left to Ju.Watson pushed ob at DET 4 for 26 yards (C.Gardner-Johnson).",2,"00:45",1,10,"KC","DET","DET",30,7,7,"N","C",23,"SHOTGUN","3x1","CORNER",FALSE,"TRADITIONAL",5.3600001335144,"INSIDE_BOX",5,"ZONE_COVERAGE","COVER_2_ZONE",NA,26,26,3.45235198986484,2.34294713230338,0.663186952471733,0.336813047528267,0.0418428108096123,-0.0418428108096123,TRUE,46213,2,"right",80,"Justin Watson","6-3",215,1996-04-04,"WR","Offense","Targeted Receiver",79.02,44.2,0.37,0.78,122.65,102.1,19,100.569999694824,50
2023090700,2023,1,"09/07/2023","20:20:00","KC","DET",1711,"(:45) (No Huddle, Shotgun) P.Mahomes pass deep left to Ju.Watson pushed ob at DET 4 for 26 yards (C.Gardner-Johnson).",2,"00:45",1,10,"KC","DET","DET",30,7,7,"N","C",23,"SHOTGUN","3x1","CORNER",FALSE,"TRADITIONAL",5.3600001335144,"INSIDE_BOX",5,"ZONE_COVERAGE","COVER_2_ZONE",NA,26,26,3.45235198986484,2.34294713230338,0.663186952471733,0.336813047528267,0.0418428108096123,-0.0418428108096123,TRUE,46213,5,"right",80,"Justin Watson","6-3",215,1996-04-04,"WR","Offense","Targeted Receiver",79.27,44.05,1.46,3.19,118.88,95.78,19,100.569999694824,50
2023090700,2023,1,"09/07/2023","20:20:00","KC","DET",1711,"(:45) (No Huddle, Shotgun) P.Mahomes pass deep left to Ju.Watson pushed ob at DET 4 for 26 yards (C.Gardner-Johnson).",2,"00:45",1,10,"KC","DET","DET",30,7,7,"N","C",23,"SHOTGUN","3x1","CORNER",FALSE,"TRADITIONAL",5.3600001335144,"INSIDE_BOX",5,"ZONE_COVERAGE","COVER_2_ZONE",NA,26,26,3.45235198986484,2.34294713230338,0.663186952471733,0.336813047528267,0.0418428108096123,-0.0418428108096123,TRUE,46213,8,"right",80,"Justin Watson","6-3",215,1996-04-04,"WR","Offense","Targeted Receiver",79.96,43.7,3.38,4.37,116.19,112.79,19,100.569999694824,50
2023090700,2023,1,"09/07/2023","20:20:00","KC","DET",1711,"(:45) (No Huddle, Shotgun) P.Mahomes pass deep left to Ju.Watson pushed ob at DET 4 for 26 yards (C.Gardner-Johnson).",2,"00:45",1,10,"KC","DET","DET",30,7,7,"N","C",23,"SHOTGUN","3x1","CORNER",FALSE,"TRADITIONAL",5.3600001335144,"INSIDE_BOX",5,"ZONE_COVERAGE","COVER_2_ZONE",NA,26,26,3.45235198986484,2.34294713230338,0.663186952471733,0.336813047528267,0.0418428108096123,-0.0418428108096123,TRUE,46213,11,"right",80,"Justin Watson","6-3",215,1996-04-04,"WR","Offense","Targeted Receiver",81.11,43.17,4.87,3.51,113.17,108.44,19,100.569999694824,50
2023090700,2023,1,"09/07/2023","20:20:00","KC","DET",1711,"(:45) (No Huddle, Shotgun) P.Mahomes pass deep left to Ju.Watson pushed ob at DET 4 for 26 yards (C.Gardner-Johnson).",2,"00:45",1,10,"KC","DET","DET",30,7,7,"N","C",23,"SHOTGUN","3x1","CORNER",FALSE,"TRADITIONAL",5.3600001335144,"INSIDE_BOX",5,"ZONE_COVERAGE","COVER_2_ZONE",NA,26,26,3.45235198986484,2.34294713230338,0.663186952471733,0.336813047528267,0.0418428108096123,-0.0418428108096123,TRUE,46213,14,"right",80,"Justin Watson","6-3",215,1996-04-04,"WR","Offense","Targeted Receiver",82.72,42.61,6.05,2.39,106.95,103.75,19,100.569999694824,50
2023090700,2023,1,"09/07/2023","20:20:00","KC","DET",1711,"(:45) (No Huddle, Shotgun) P.Mahomes pass deep left to Ju.Watson pushed ob at DET 4 for 26 yards (C.Gardner-Johnson).",2,"00:45",1,10,"KC","DET","DET",30,7,7,"N","C",23,"SHOTGUN","3x1","CORNER",FALSE,"TRADITIONAL",5.3600001335144,"INSIDE_BOX",5,"ZONE_COVERAGE","COVER_2_ZONE",NA,26,26,3.45235198986484,2.34294713230338,0.663186952471733,0.336813047528267,0.0418428108096123,-0.0418428108096123,TRUE,46213,17,"right",80,"Justin Watson","6-3",215,1996-04-04,"WR","Offense","Targeted Receiver",84.62,42.17,6.8,2.52,99.99,98.78,19,100.569999694824,50
2023090700,2023,1,"09/07/2023","20:20:00","KC","DET",1711,"(:45) (No Huddle, Shotgun) P.Mahomes pass deep left to Ju.Watson pushed ob at DET 4 for 26 yards (C.Gardner-Johnson).",2,"00:45",1,10,"KC","DET","DET",30,7,7,"N","C",23,"SHOTGUN","3x1","CORNER",FALSE,"TRADITIONAL",5.3600001335144,"INSIDE_BOX",5,"ZONE_COVERAGE","COVER_2_ZONE",NA,26,26,3.45235198986484,2.34294713230338,0.663186952471733,0.336813047528267,0.0418428108096123,-0.0418428108096123,TRUE,46213,20,"right",80,"Justin Watson","6-3",215,1996-04-04,"WR","Offense","Targeted Receiver",86.74,41.96,7.33,2.39,92.19,92.98,19,100.569999694824,50
2023090700,2023,1,"09/07/2023","20:20:00","KC","DET",1711,"(:45) (No Huddle, Shotgun) P.Mahomes pass deep left to Ju.Watson pushed ob at DET 4 for 26 yards (C.Gardner-Johnson).",2,"00:45",1,10,"KC","DET","DET",30,7,7,"N","C",23,"SHOTGUN","3x1","CORNER",FALSE,"TRADITIONAL",5.3600001335144,"INSIDE_BOX",5,"ZONE_COVERAGE","COVER_2_ZONE",NA,26,26,3.45235198986484,2.34294713230338,0.663186952471733,0.336813047528267,0.0418428108096123,-0.0418428108096123,TRUE,46213,23,"right",80,"Justin Watson","6-3",215,1996-04-04,"WR","Offense","Targeted Receiver",89.02,42.03,7.75,2.43,84.84,71.98,19,100.569999694824,50
2023090700,2023,1,"09/07/2023","20:20:00","KC","DET",1711,"(:45) (No Huddle, Shotgun) P.Mahomes pass deep left to Ju.Watson pushed ob at DET 4 for 26 yards (C.Gardner-Johnson).",2,"00:45",1,10,"KC","DET","DET",30,7,7,"N","C",23,"SHOTGUN","3x1","CORNER",FALSE,"TRADITIONAL",5.3600001335144,"INSIDE_BOX",5,"ZONE_COVERAGE","COVER_2_ZONE",NA,26,26,3.45235198986484,2.34294713230338,0.663186952471733,0.336813047528267,0.0418428108096123,-0.0418428108096123,TRUE,46213,26,"right",80,"Justin Watson","6-3",215,1996-04-04,"WR","Offense","Targeted Receiver",91.35,42.43,7.94,2.78,76.77,43.59,19,100.569999694824,50
